xCoord,yCoord,competitor
0.296001463210571,-0.620355581574282,Steve
0.495664540812213,-0.3555533529184537,Susan
0.00417475837124177,-0.960736121255639,Michael
0.394078264168882,0.267565768887959,Kate
-0.0611198096390045,0.498945605072348,Steve
0.12082217213905,0.424510811434867,Kate
-0.438743018014356,-0.638212845618818,Kate
-0.0760955216638103,-0.163353739250786,Steve
0.576856221328943,0.5469888599668695,Susan
